,Precision,Recall,F1-Score
Hydroxychloroquine,0.9271783625730994,0.92,0.9212549019607842
Ivermectin,0.919020218228498,0.91,0.909672340216805
Molnupiravir,0.8906830601092895,0.89,0.8893548387096772
Remdesivir,0.8177367535744324,0.79,0.7919068647129667
