,Precision,Recall,F1-Score
Hydroxychloroquine,0.8438328460038985,0.83,0.8317324306898775
Ivermectin,0.7162227214377407,0.68,0.6825292143931506
Molnupiravir,0.7817759562841531,0.77,0.7735934144595561
Remdesivir,0.7007891785814411,0.66,0.6645915338956576
